ay,toplam_gelir,siparis_sayisi
2016-09,267.36,3
2016-10,49507.66000000018,308
2016-12,10.9,1
2017-01,120312.8699999997,789
2017-02,247303.01999999527,1733
2017-03,374344.3000000024,2641
2017-04,359927.2300000004,2391
2017-05,506071.1400000086,3660
2017-06,433038.60000000487,3217
2017-07,498031.4800000119,3969
2017-08,573971.6800000139,4293
2017-09,624401.6900000166,4243
2017-10,664219.4300000158,4568
2017-11,1010271.3700000357,7451
2017-12,743914.1700000208,5624
2018-01,950030.3600000379,7220
2018-02,844178.7100000277,6694
2018-03,983213.4400000322,7188
2018-04,996647.7500000285,6934
2018-05,996517.6800000297,6853
2018-06,865124.3100000205,6160
2018-07,895507.2200000224,6273
2018-08,854686.3300000244,6452
2018-09,145.0,1
